,City,Cloudiness,Country,Date,Humidity,Lat,Lng,Max_temp,Wind_speed
1,port elizabeth,90.0,US,2018-11-05,92.0,39.31,-74.98,41.0,6.93
2,vaini,0.0,IN,2018-11-05,34.0,15.34,74.49,78.8,4.7
3,hilo,75.0,US,2018-11-05,70.0,19.71,-155.08,66.92,6.93
4,ushuaia,90.0,AR,2018-11-05,81.0,-54.81,-68.31,42.8,40.26
5,yenagoa,24.0,NG,2018-11-05,80.0,4.92,6.26,86.4,4.38
6,nikolskoye,0.0,RU,2018-11-05,78.0,59.7,30.79,14.0,8.95
7,abnub,0.0,EG,2018-11-05,50.0,27.27,31.15,55.4,10.29
8,hede,90.0,SE,2018-11-05,100.0,60.45,15.49,26.6,2.24
9,geraldton,90.0,CA,2018-11-05,61.0,49.72,-86.95,15.8,10.29
10,rikitea,44.0,PF,2018-11-05,97.0,-23.12,-134.97,78.84,14.12
11,albany,90.0,US,2018-11-05,88.0,42.65,-73.75,35.06,3.09
12,busselton,0.0,AU,2018-11-05,88.0,-33.64,115.35,70.25,21.39
13,rocha,92.0,UY,2018-11-05,99.0,-34.48,-54.34,68.58,7.74
14,kununurra,40.0,AU,2018-11-05,52.0,-15.77,128.74,91.4,19.46
15,katsuura,40.0,JP,2018-11-05,76.0,33.93,134.5,48.2,10.29
16,cherskiy,44.0,RU,2018-11-05,0.0,68.75,161.3,-32.58,3.76
17,dingle,24.0,PH,2018-11-05,76.0,11.0,122.67,81.23,13.33
18,punta arenas,40.0,CL,2018-11-05,65.0,-53.16,-70.91,46.4,34.45
19,qaanaaq,0.0,GL,2018-11-05,75.0,77.48,-69.36,-17.82,8.41
20,vilhena,12.0,BR,2018-11-05,95.0,-12.74,-60.15,69.39,2.08
21,lorengau,56.0,PG,2018-11-05,95.0,-2.02,147.27,85.91,11.43
22,kenai,90.0,US,2018-11-05,96.0,60.55,-151.26,24.98,4.61
23,willowmore,0.0,ZA,2018-11-05,30.0,-33.3,23.49,90.09,1.36
24,pevek,12.0,RU,2018-11-05,100.0,69.7,170.27,-30.15,2.75
25,rio grande,32.0,BR,2018-11-05,94.0,-32.03,-52.1,72.36,10.87
26,arraial do cabo,20.0,BR,2018-11-05,88.0,-22.97,-42.02,75.2,17.22
27,rahuri,0.0,IN,2018-11-05,41.0,19.39,74.65,75.87,5.84
28,bluff,44.0,AU,2018-11-05,67.0,-23.58,149.07,82.13,9.53
29,mar del plata,0.0,AR,2018-11-05,63.0,-46.43,-67.52,48.24,11.81
30,carsamba,75.0,TR,2018-11-05,81.0,41.2,36.72,50.0,4.99
31,lima,90.0,PE,2018-11-05,88.0,-12.06,-77.04,68.0,9.17
32,avarua,90.0,CK,2018-11-05,88.0,-21.21,-159.78,77.0,6.93
33,cape town,0.0,ZA,2018-11-05,51.0,-33.93,18.42,80.6,3.36
34,eyl,0.0,SO,2018-11-05,72.0,7.98,49.82,83.48,20.6
35,lundazi,36.0,ZM,2018-11-05,97.0,-12.29,33.17,76.91,3.53
36,bambous virieux,40.0,MU,2018-11-05,55.0,-20.34,57.76,86.0,14.99
37,mikkeli,0.0,FI,2018-11-05,92.0,61.69,27.27,21.2,4.7
38,novobirilyussy,88.0,RU,2018-11-05,83.0,56.95,90.69,12.96,5.55
39,provideniya,0.0,RU,2018-11-05,100.0,64.42,-173.23,-3.83,6.89
40,new norfolk,75.0,AU,2018-11-05,72.0,-42.78,147.06,62.6,13.87
41,aksu,90.0,KZ,2018-11-05,92.0,52.04,76.93,23.0,8.95
42,kalabo,48.0,ZM,2018-11-05,96.0,-15.0,22.67,75.38,7.11
43,martinis,75.0,IT,2018-11-05,100.0,45.63,7.71,33.8,1.12
44,kruisfontein,20.0,ZA,2018-11-05,79.0,-34.0,24.73,74.52,4.5
45,barrow,0.0,AR,2018-11-05,75.0,-38.31,-60.23,57.6,16.84
46,sitka,0.0,US,2018-11-05,62.0,37.17,-99.65,24.57,0.51
47,dudinka,92.0,RU,2018-11-05,69.0,69.41,86.18,1.62,18.37
48,port alfred,20.0,ZA,2018-11-05,81.0,-33.59,26.89,79.16,3.49
49,kuusamo,90.0,FI,2018-11-05,85.0,65.96,29.19,12.2,4.7
50,dzhebariki-khaya,56.0,RU,2018-11-05,83.0,62.22,135.8,-19.62,2.71
51,yuksekova,75.0,TR,2018-11-05,75.0,37.57,44.29,39.2,9.17
52,libreville,40.0,GA,2018-11-05,88.0,0.39,9.45,80.6,5.82
53,rabo de peixe,20.0,PT,2018-11-05,82.0,37.8,-25.58,64.4,24.16
54,bodinayakkanur,56.0,IN,2018-11-05,40.0,10.01,77.35,84.42,1.81
55,isangel,88.0,VU,2018-11-05,100.0,-19.55,169.27,78.26,12.88
56,jamestown,0.0,AU,2018-11-05,47.0,-33.21,138.6,80.82,7.74
57,pacific grove,90.0,US,2018-11-05,86.0,36.62,-121.92,57.2,4.7
58,salinopolis,92.0,BR,2018-11-05,100.0,-0.61,-47.36,77.45,10.31
59,qingyuan,0.0,CN,2018-11-05,57.0,27.62,119.06,48.38,1.86
60,kapaa,20.0,US,2018-11-05,61.0,22.08,-159.32,73.04,12.75
61,tessalit,0.0,ML,2018-11-05,28.0,20.2,1.01,64.08,12.93
62,hargeysa,0.0,SO,2018-11-05,59.0,9.56,44.06,66.2,5.82
63,avera,1.0,US,2018-11-05,99.0,33.19,-82.53,46.04,4.7
64,bonavista,0.0,CA,2018-11-05,100.0,48.65,-53.11,25.2,13.11
65,ilulissat,80.0,GL,2018-11-05,85.0,69.22,-51.1,15.8,6.93
66,ribeira grande,90.0,PT,2018-11-05,82.0,38.52,-28.7,64.4,33.33
67,puerto ayora,76.0,EC,2018-11-05,100.0,-0.74,-90.35,74.34,11.81
68,mehran,90.0,IR,2018-11-05,93.0,33.12,46.17,41.0,6.93
69,owando,92.0,CG,2018-11-05,90.0,-0.49,15.91,76.23,3.04
70,gizo,0.0,IL,2018-11-05,55.0,31.8,34.94,64.4,12.75
71,saint-francois,90.0,FR,2018-11-05,87.0,46.42,3.91,44.6,5.82
72,goundam,0.0,ML,2018-11-05,37.0,16.42,-3.66,68.0,10.92
73,hambantota,0.0,LK,2018-11-05,97.0,6.12,81.12,82.8,5.06
74,butaritari,64.0,KI,2018-11-05,100.0,3.07,172.79,84.83,16.35
75,hvide sande,40.0,DK,2018-11-05,100.0,56.01,8.13,32.0,1.12
76,moorhead,1.0,US,2018-11-05,85.0,46.87,-96.75,19.4,3.09
77,merauke,56.0,ID,2018-11-05,77.0,-8.49,140.4,87.21,7.11
78,kamenka,88.0,RU,2018-11-05,92.0,53.19,44.05,15.35,4.5
79,hobart,75.0,AU,2018-11-05,72.0,-42.88,147.33,62.6,13.87
80,kikwit,92.0,CD,2018-11-05,94.0,-5.04,18.82,75.2,6.85
81,kaitangata,8.0,NZ,2018-11-05,40.0,-46.28,169.85,68.22,16.46
82,kidal,0.0,ML,2018-11-05,28.0,18.44,1.41,63.23,14.12
83,castro,0.0,CL,2018-11-05,75.0,-42.48,-73.76,44.6,9.17
84,port hardy,90.0,CA,2018-11-05,93.0,50.7,-127.42,44.6,8.05
85,tamara,75.0,HN,2018-11-05,82.0,14.16,-87.34,63.5,11.41
86,najran,0.0,SA,2018-11-05,45.0,17.54,44.22,64.4,5.5
87,namibe,75.0,AO,2018-11-05,83.0,-15.19,12.15,71.6,3.49
88,hamilton,90.0,BM,2018-11-05,94.0,32.3,-64.78,68.0,16.11
89,tasiilaq,88.0,GL,2018-11-05,80.0,65.61,-37.64,30.2,14.99
90,pangnirtung,76.0,CA,2018-11-05,62.0,66.15,-65.72,3.69,5.84
91,haines junction,92.0,CA,2018-11-05,77.0,60.75,-137.51,11.34,3.2
92,vikevag,75.0,NO,2018-11-05,64.0,59.1,5.7,37.4,9.17
93,polyarnyy,75.0,RU,2018-11-05,68.0,69.2,33.45,26.6,13.42
94,riberalta,36.0,BO,2018-11-05,96.0,-11.0,-66.08,74.3,2.04
95,teberda,24.0,RU,2018-11-05,86.0,43.44,41.74,30.6,0.25
96,okhotsk,64.0,RU,2018-11-05,100.0,59.36,143.24,-7.11,9.42
97,tuktoyaktuk,80.0,CA,2018-11-05,98.0,69.44,-133.03,1.8,12.1
98,skibbereen,75.0,IE,2018-11-05,93.0,51.55,-9.27,48.2,14.99
99,georgetown,20.0,GY,2018-11-05,94.0,6.8,-58.16,69.8,4.7
100,tall kayf,90.0,TR,2018-11-05,81.0,37.08,41.07,50.0,11.41
101,luba,24.0,PH,2018-11-05,53.0,17.32,120.7,81.68,3.09
102,east london,20.0,ZA,2018-11-05,74.0,-33.02,27.91,82.4,11.41
103,hofn,75.0,IS,2018-11-05,87.0,64.25,-15.21,42.8,8.05
104,kalat,0.0,PK,2018-11-05,31.0,29.03,66.58,56.7,1.48
105,tiksi,48.0,RU,2018-11-05,65.0,71.64,128.87,-14.76,2.71
106,igarka,92.0,RU,2018-11-05,84.0,67.47,86.57,5.04,14.05
107,atuona,88.0,PF,2018-11-05,100.0,-9.8,-139.03,80.28,19.42
108,santa isabel do rio negro,76.0,BR,2018-11-05,89.0,-0.41,-65.02,76.86,2.53
109,quang ngai,92.0,VN,2018-11-05,98.0,15.12,108.8,68.76,3.71
110,terrace bay,24.0,CA,2018-11-05,100.0,48.78,-87.1,26.64,21.94
111,hami,0.0,CN,2018-11-05,59.0,42.84,93.51,22.68,3.2
112,dunhua,12.0,CN,2018-11-05,51.0,43.37,128.23,19.26,10.25
113,kungurtug,8.0,RU,2018-11-05,63.0,50.6,97.53,15.84,5.88
114,mataura,0.0,NZ,2018-11-05,45.0,-46.19,168.86,67.46,19.64
115,yellowknife,90.0,CA,2018-11-05,77.0,62.45,-114.38,3.2,19.46
116,ponta do sol,80.0,BR,2018-11-05,83.0,-20.63,-46.0,67.91,3.71
117,nisia floresta,75.0,BR,2018-11-05,97.0,-6.09,-35.21,77.0,8.05
118,urucui,32.0,BR,2018-11-05,81.0,-7.23,-44.56,70.74,2.3
119,leningradskiy,64.0,RU,2018-11-05,100.0,69.38,178.42,-12.51,15.79
120,hermanus,0.0,ZA,2018-11-05,52.0,-34.42,19.24,81.36,4.76
121,hualmay,24.0,PE,2018-11-05,95.0,-11.1,-77.61,59.49,2.08
122,comodoro rivadavia,0.0,AR,2018-11-05,37.0,-45.87,-67.48,53.6,16.11
123,sao filipe,100.0,CV,2018-11-05,96.0,14.9,-24.5,74.07,15.46
124,bria,0.0,CF,2018-11-05,41.0,6.54,21.99,89.64,8.75
125,bathsheba,40.0,BB,2018-11-05,69.0,13.22,-59.52,78.8,17.22
126,saldanha,24.0,PT,2018-11-05,82.0,41.42,-6.55,30.78,2.98
127,carnarvon,20.0,ZA,2018-11-05,6.0,-30.97,22.13,94.77,12.77
128,predivinsk,76.0,RU,2018-11-05,79.0,57.07,93.44,15.48,5.28
129,berezovyy,12.0,RU,2018-11-05,71.0,51.67,135.7,-11.52,2.3
130,kangaatsiaq,36.0,GL,2018-11-05,100.0,68.31,-53.46,16.43,11.25
131,praia da vitoria,40.0,PT,2018-11-05,82.0,38.73,-27.07,62.6,40.56
132,nouakchott,0.0,MR,2018-11-05,71.0,18.08,-15.98,57.2,6.93
133,tynda,48.0,RU,2018-11-05,79.0,55.15,124.74,-14.22,2.82
134,kavieng,12.0,PG,2018-11-05,100.0,-2.57,150.8,84.83,3.71
135,puerto quijarro,8.0,BO,2018-11-05,88.0,-19.0,-57.72,75.15,2.08
136,beitbridge,0.0,ZA,2018-11-05,46.0,-22.21,29.99,90.63,10.31
137,soe,90.0,EE,2018-11-05,92.0,57.91,26.05,26.6,8.05
138,usinsk,76.0,RU,2018-11-05,88.0,66.0,57.56,20.25,11.77
139,alexandria,1.0,US,2018-11-05,96.0,31.31,-92.44,48.02,2.71
140,whitehorse,75.0,CA,2018-11-05,73.0,60.72,-135.06,23.0,19.46
141,rio gallegos,80.0,AR,2018-11-05,85.0,-51.62,-69.22,49.91,39.33
142,berlevag,0.0,NO,2018-11-05,74.0,70.86,29.09,30.2,26.4
143,longyearbyen,20.0,NO,2018-11-05,56.0,78.22,15.63,14.0,5.82
144,san quintin,24.0,PH,2018-11-05,53.0,17.54,120.52,81.68,3.09
145,cabo san lucas,36.0,MX,2018-11-05,100.0,22.89,-109.91,73.26,5.21
146,tazovskiy,92.0,RU,2018-11-05,92.0,67.47,78.7,31.59,23.89
147,tarbagatay,90.0,RU,2018-11-05,85.0,51.48,107.36,15.8,2.24
148,dzaoudzi,20.0,YT,2018-11-05,88.0,-12.79,45.27,78.8,16.11
149,payo,56.0,ID,2018-11-05,73.0,-3.75,103.64,84.83,0.74
150,rawson,0.0,AR,2018-11-05,85.0,-43.3,-65.11,45.45,9.13
151,ardakan,0.0,IR,2018-11-05,10.0,32.31,54.02,60.8,11.41
152,moissala,8.0,TD,2018-11-05,24.0,8.34,17.77,86.76,13.15
153,norman wells,75.0,CA,2018-11-05,78.0,65.28,-126.83,10.4,3.36
154,saskylakh,36.0,RU,2018-11-05,41.0,71.97,114.09,-26.91,3.31
155,ambilobe,24.0,MG,2018-11-05,99.0,-13.19,49.05,81.99,5.32
156,mocuba,0.0,MZ,2018-11-05,85.0,-16.84,36.99,85.77,4.21
157,upernavik,92.0,GL,2018-11-05,100.0,72.79,-56.15,18.45,2.37
158,eydhafushi,20.0,MV,2018-11-05,100.0,5.1,73.07,82.17,8.9
159,mogadishu,20.0,SO,2018-11-05,62.0,2.04,45.34,86.0,17.22
160,khatanga,8.0,RU,2018-11-05,0.0,71.98,102.47,-30.6,7.74
161,gat,0.0,SN,2018-11-05,72.0,14.69,-16.54,66.2,4.7
162,hasaki,20.0,JP,2018-11-05,100.0,35.73,140.83,53.6,2.24
163,west bay,0.0,GB,2018-11-05,100.0,50.71,-2.76,37.4,1.12
164,jacareacanga,88.0,BR,2018-11-05,98.0,-6.22,-57.76,73.31,2.19
165,asyut,0.0,EG,2018-11-05,50.0,27.18,31.19,55.4,10.29
166,pitimbu,90.0,BR,2018-11-05,100.0,-7.47,-34.81,75.2,1.12
167,vestmannaeyjar,20.0,IS,2018-11-05,100.0,63.44,-20.27,42.8,23.04
168,gladstone,68.0,AU,2018-11-05,62.0,-23.84,151.26,84.2,14.99
169,coquimbo,90.0,CL,2018-11-05,93.0,-29.95,-71.34,57.2,1.12
170,nishihara,90.0,JP,2018-11-05,56.0,35.74,139.53,53.6,3.2
171,campo maior,90.0,ES,2018-11-05,100.0,39.01,-7.07,37.4,2.24
172,clyde river,90.0,CA,2018-11-05,84.0,70.47,-68.59,1.4,34.45
173,hermosillo,5.0,MX,2018-11-05,72.0,29.09,-110.96,59.0,4.7
174,santander,75.0,PH,2018-11-05,66.0,9.42,123.33,87.8,9.17
175,putai,0.0,FR,2018-11-05,100.0,46.66,1.99,37.4,10.29
176,nemuro,75.0,JP,2018-11-05,80.0,43.32,145.57,35.6,3.36
177,soubre,0.0,CI,2018-11-05,88.0,5.79,-6.61,78.84,4.21
178,peniche,90.0,PT,2018-11-05,100.0,39.36,-9.38,44.6,3.36
179,kahului,40.0,US,2018-11-05,75.0,20.89,-156.47,73.04,17.22
180,oktyabrskoye,40.0,RU,2018-11-05,84.0,56.73,85.44,3.2,4.47
181,takoradi,8.0,GH,2018-11-05,95.0,4.89,-1.75,84.69,4.09
182,lethem,0.0,GY,2018-11-05,78.0,3.38,-59.8,74.66,10.02
183,portland,75.0,US,2018-11-05,89.0,45.52,-122.67,48.92,5.82
184,carutapera,32.0,BR,2018-11-05,94.0,-1.2,-46.02,77.45,7.85
185,houma,0.0,CN,2018-11-05,47.0,35.63,111.36,39.87,2.08
186,codrington,75.0,AU,2018-11-05,73.0,-28.95,153.24,77.0,13.87
187,esperance,20.0,TT,2018-11-05,100.0,10.24,-61.45,71.6,5.61
188,north bend,75.0,US,2018-11-05,92.0,43.41,-124.22,46.94,8.05
189,winnemucca,90.0,US,2018-11-05,66.0,40.97,-117.74,37.04,3.2
190,woodward,1.0,US,2018-11-05,74.0,36.43,-99.39,30.2,9.17
191,suileng,36.0,CN,2018-11-05,76.0,47.25,127.08,7.02,3.04
192,halifax,90.0,CA,2018-11-05,92.0,44.65,-63.58,30.2,11.41
193,saint george,75.0,GR,2018-11-05,93.0,39.45,22.34,42.8,3.31
194,khargapur,76.0,IN,2018-11-05,62.0,24.82,79.14,68.76,7.74
195,sola,75.0,FI,2018-11-05,92.0,62.78,29.36,24.8,6.93
196,dwarka,40.0,IN,2018-11-05,48.0,28.58,77.04,69.8,6.93
197,nuuk,32.0,GL,2018-11-05,79.0,64.17,-51.74,21.2,8.05
198,marshall,1.0,US,2018-11-05,90.0,39.39,-87.69,35.06,9.17
199,karratha,0.0,AU,2018-11-05,18.0,-20.74,116.85,92.79,14.56
200,victoria,75.0,BN,2018-11-05,70.0,5.28,115.24,86.0,4.7
201,thompson,5.0,CA,2018-11-05,76.0,55.74,-97.86,-9.41,2.24
202,nushki,0.0,PK,2018-11-05,74.0,29.55,66.02,55.44,3.87
203,los llanos de aridane,0.0,ES,2018-11-05,68.0,28.66,-17.92,64.4,8.05
204,placido de castro,88.0,BR,2018-11-05,96.0,-10.34,-67.19,74.43,2.26
205,vila do maio,75.0,CV,2018-11-05,77.0,15.13,-23.22,69.8,18.34
206,daulatpur,76.0,BD,2018-11-05,66.0,22.87,89.53,75.65,14.67
207,hithadhoo,92.0,MV,2018-11-05,100.0,-0.6,73.08,80.46,12.66
208,ola,68.0,RU,2018-11-05,100.0,59.58,151.3,18.99,8.52
209,kupang,75.0,ID,2018-11-05,74.0,-10.16,123.6,82.4,11.41
210,douglas,90.0,US,2018-11-05,88.0,31.34,-109.55,44.06,4.7
211,abu dhabi,0.0,AE,2018-11-05,31.0,24.47,54.37,78.8,9.17
212,tucson,90.0,US,2018-11-05,57.0,32.22,-110.93,55.94,10.29
213,erzin,75.0,TR,2018-11-05,76.0,36.95,36.2,53.6,9.17
214,lloydminster,1.0,CA,2018-11-05,85.0,53.28,-110.01,10.4,13.87
215,fairbanks,40.0,US,2018-11-05,78.0,64.84,-147.72,-9.58,2.98
216,tooele,1.0,US,2018-11-05,92.0,40.53,-112.3,43.7,4.7
217,aneho,20.0,TG,2018-11-05,79.0,6.23,1.6,84.2,8.05
218,pipri,92.0,IN,2018-11-05,91.0,24.21,83.02,62.19,5.84
219,bredasdorp,100.0,ZA,2018-11-05,78.0,-34.53,20.04,73.4,13.87
220,marfino,48.0,RU,2018-11-05,92.0,56.07,37.56,5.0,4.47
221,suwannaphum,0.0,TH,2018-11-05,43.0,15.61,103.81,86.76,14.12
222,jacksonville,1.0,US,2018-11-05,100.0,30.33,-81.66,51.98,5.73
223,guna,0.0,IN,2018-11-05,49.0,24.65,77.32,71.1,8.08
224,windhoek,0.0,NA,2018-11-05,21.0,-22.57,17.08,84.2,11.41
225,iqaluit,90.0,CA,2018-11-05,67.0,63.75,-68.52,19.4,8.05
226,kyzyl-suu,88.0,KG,2018-11-05,100.0,42.34,78.0,36.41,5.5
227,airai,56.0,TL,2018-11-05,74.0,-8.93,125.41,78.21,1.74
228,chato,64.0,TZ,2018-11-05,94.0,-2.64,31.77,74.07,4.05
229,beberibe,40.0,BR,2018-11-05,83.0,-4.18,-38.13,80.6,11.41
230,lompoc,90.0,US,2018-11-05,93.0,34.64,-120.46,55.94,4.7
231,tiguion,64.0,PH,2018-11-05,95.0,13.33,121.86,81.81,18.92
232,mugur-aksy,68.0,RU,2018-11-05,83.0,50.38,90.44,12.6,2.26
233,dandong,0.0,CN,2018-11-05,44.0,40.12,124.37,28.26,5.84
234,chokurdakh,32.0,RU,2018-11-05,0.0,70.62,147.9,-36.18,3.27
235,mount gambier,90.0,AU,2018-11-05,82.0,-37.83,140.78,60.8,13.87
236,ciudad bolivar,0.0,VE,2018-11-05,78.0,8.12,-63.55,74.88,10.58
237,tevaitoa,24.0,PF,2018-11-05,99.0,-16.78,-151.5,82.8,7.23
238,tilichiki,0.0,RU,2018-11-05,48.0,60.47,166.1,-29.93,3.09
239,konevo,88.0,BG,2018-11-05,100.0,41.67,25.61,38.48,3.6
240,sawai madhopur,88.0,IN,2018-11-05,68.0,26.02,76.35,64.13,6.33
241,kalmunai,0.0,LK,2018-11-05,74.0,7.42,81.82,84.51,8.08
242,moctezuma,0.0,MX,2018-11-05,93.0,29.81,-109.68,40.68,2.04
243,belur,0.0,IN,2018-11-05,30.0,13.16,75.86,84.78,2.82
244,tuatapere,88.0,NZ,2018-11-05,71.0,-46.13,167.69,64.35,18.92
245,caravelas,0.0,BR,2018-11-05,99.0,-17.73,-39.27,79.7,13.15
246,valer,24.0,ES,2018-11-05,80.0,41.76,-6.18,31.14,5.84
247,kavaratti,0.0,IN,2018-11-05,100.0,10.57,72.64,83.88,10.13
248,namatanai,12.0,PG,2018-11-05,100.0,-3.66,152.44,84.11,9.64
249,shakhtinsk,90.0,KZ,2018-11-05,92.0,49.71,72.59,19.4,6.71
250,ahipara,0.0,NZ,2018-11-05,84.0,-35.17,173.16,65.61,1.19
251,tagusao,64.0,PH,2018-11-05,95.0,9.19,117.81,80.1,9.08
252,bethel,90.0,US,2018-11-05,78.0,60.79,-161.76,-5.08,14.99
253,bintulu,75.0,MY,2018-11-05,94.0,3.17,113.03,75.2,8.05
254,whitecourt,68.0,CA,2018-11-05,84.0,54.14,-115.68,13.55,0.02
255,santiago del estero,76.0,AR,2018-11-05,93.0,-27.8,-64.26,76.01,6.11
256,wote,64.0,KE,2018-11-05,88.0,-1.78,37.63,74.88,4.5
257,mersing,44.0,MY,2018-11-05,100.0,2.43,103.84,78.53,4.54
258,gazanjyk,88.0,TM,2018-11-05,89.0,39.24,55.52,38.43,4.83
259,grand gaube,40.0,MU,2018-11-05,55.0,-20.01,57.66,86.0,14.99
260,paramonga,92.0,PE,2018-11-05,100.0,-10.68,-77.82,66.51,8.34
261,ihosy,20.0,MG,2018-11-05,65.0,-22.4,46.13,81.81,4.99
262,ancud,0.0,CL,2018-11-05,75.0,-41.87,-73.83,44.6,9.17
263,te anau,88.0,NZ,2018-11-05,59.0,-45.41,167.72,60.66,16.62
264,bowen,90.0,AU,2018-11-05,66.0,-20.01,148.25,86.0,5.82
265,lat yao,8.0,TH,2018-11-05,61.0,15.75,99.79,85.14,4.88
266,saint-philippe,90.0,CA,2018-11-05,92.0,45.36,-73.48,32.72,3.36
267,tiradentes,24.0,BR,2018-11-05,84.0,-18.95,-49.46,70.88,2.08
268,mehamn,0.0,NO,2018-11-05,74.0,71.03,27.85,30.2,26.4
269,jinchang,0.0,CN,2018-11-05,68.0,38.52,102.19,29.43,2.71
270,saint anthony,1.0,US,2018-11-05,70.0,43.97,-111.68,26.06,8.05
271,evensk,44.0,RU,2018-11-05,100.0,61.92,159.24,1.44,6.89
272,cheney,90.0,US,2018-11-05,100.0,47.49,-117.58,44.06,5.82
273,vigrestad,75.0,NO,2018-11-05,64.0,58.57,5.7,37.4,9.17
274,souillac,56.0,FR,2018-11-05,93.0,45.6,-0.6,42.8,3.36
275,poya,100.0,NC,2018-11-05,100.0,-21.35,165.16,76.01,9.24
276,kutum,0.0,SD,2018-11-05,17.0,14.2,24.66,73.62,15.79
277,innisfail,20.0,CA,2018-11-05,92.0,52.02,-113.95,23.0,5.82
278,columbus,1.0,US,2018-11-05,100.0,32.46,-84.99,50.0,5.28
279,narsaq,0.0,GL,2018-11-05,56.0,60.91,-46.05,4.55,4.72
280,slave lake,75.0,CA,2018-11-05,78.0,55.28,-114.77,10.4,18.34
281,port blair,44.0,IN,2018-11-05,97.0,11.67,92.75,84.42,12.37
282,pasni,0.0,PK,2018-11-05,86.0,25.26,63.48,74.79,0.69
283,aykhal,32.0,RU,2018-11-05,38.0,65.95,111.51,-26.55,2.75
284,abu samrah,68.0,SY,2018-11-05,100.0,35.3,37.18,53.15,4.99
285,sibiti,92.0,CG,2018-11-05,100.0,-3.69,13.35,76.32,3.76
286,montijo,90.0,PT,2018-11-05,100.0,38.71,-8.97,46.4,3.36
287,faanui,36.0,PF,2018-11-05,100.0,-16.48,-151.75,83.21,7.78
288,avila,40.0,US,2018-11-05,95.0,38.91,-76.61,44.06,9.08
289,richards bay,0.0,ZA,2018-11-05,61.0,-28.77,32.06,89.15,12.15
290,bud,75.0,NO,2018-11-05,100.0,62.91,6.91,37.4,2.24
291,port lincoln,24.0,AU,2018-11-05,77.0,-34.72,135.86,68.76,15.68
292,awjilah,0.0,LY,2018-11-05,59.0,29.14,21.3,64.08,7.78
293,kodiak,1.0,US,2018-11-05,100.0,39.95,-94.76,32.0,4.7
294,broome,0.0,GB,2018-11-05,93.0,52.47,1.45,39.2,10.29
295,qasigiannguit,80.0,GL,2018-11-05,85.0,68.82,-51.19,15.8,6.93
296,westport,0.0,IE,2018-11-05,100.0,53.8,-9.52,39.2,11.41
297,poum,75.0,MK,2018-11-05,80.0,41.28,20.71,33.8,3.36
298,matamoros,1.0,US,2018-11-05,100.0,25.87,-97.51,55.04,2.71
299,minsk,90.0,BY,2018-11-05,100.0,53.9,27.56,23.0,15.66
300,onega,56.0,RU,2018-11-05,92.0,63.91,38.09,21.56,12.26
301,cayenne,90.0,GF,2018-11-05,94.0,4.94,-52.33,73.4,2.24
302,marana,90.0,US,2018-11-05,57.0,32.44,-111.22,55.94,10.29
303,alora,0.0,ZA,2018-11-05,51.0,-33.94,18.67,80.6,3.36
304,komsomolskiy,80.0,RU,2018-11-05,95.0,67.55,63.78,23.22,23.06
305,sao joao da barra,24.0,BR,2018-11-05,99.0,-21.64,-41.05,78.53,22.39
306,guerrero negro,0.0,MX,2018-11-05,97.0,27.97,-114.04,49.14,2.08
307,chara,75.0,GR,2018-11-05,93.0,39.42,22.43,42.8,3.31
308,klyuchi,88.0,RU,2018-11-05,87.0,52.25,79.17,16.61,7.85
309,gibara,5.0,CU,2018-11-05,100.0,21.11,-76.13,68.0,3.36
310,bira,36.0,RU,2018-11-05,57.0,49.0,132.47,-7.11,2.26
311,cabedelo,90.0,BR,2018-11-05,100.0,-6.97,-34.84,75.2,1.12
312,san luis,76.0,AR,2018-11-05,92.0,-33.3,-66.34,63.63,9.08
313,bandarbeyla,0.0,SO,2018-11-05,94.0,9.49,50.81,80.82,22.84
314,constitucion,12.0,MX,2018-11-05,75.0,23.99,-104.67,37.62,2.98
315,teya,5.0,MX,2018-11-05,87.0,21.05,-89.07,59.0,2.37
316,polunochnoye,64.0,RU,2018-11-05,82.0,60.87,60.43,24.12,6.29
317,seoul,0.0,KR,2018-11-05,38.0,37.57,126.98,42.8,6.93
318,pisco,44.0,PE,2018-11-05,88.0,-13.71,-76.2,64.4,2.24
319,dikson,80.0,RU,2018-11-05,96.0,73.51,80.55,12.51,0.69
320,altus,1.0,US,2018-11-05,71.0,34.64,-99.33,37.76,9.17
321,vila franca do campo,20.0,PT,2018-11-05,82.0,37.72,-25.43,64.4,24.16
322,ovre ardal,20.0,NO,2018-11-05,79.0,61.32,7.8,23.0,4.7
323,ouesso,80.0,CG,2018-11-05,89.0,1.61,16.05,78.39,3.09
324,mattru,0.0,SL,2018-11-05,73.0,7.62,-11.83,80.01,3.76
325,amuntai,68.0,ID,2018-11-05,68.0,-2.42,115.25,85.73,2.71
326,saint austell,20.0,GB,2018-11-05,93.0,50.34,-4.77,50.0,9.17
327,meulaboh,20.0,ID,2018-11-05,98.0,4.14,96.13,84.69,7.4
328,chuy,80.0,UY,2018-11-05,96.0,-33.69,-53.46,70.65,6.78
329,alice springs,0.0,AU,2018-11-05,14.0,-23.7,133.88,105.8,5.82
330,oda,75.0,JP,2018-11-05,57.0,35.19,132.5,48.2,16.11
331,engis,75.0,BE,2018-11-05,87.0,50.58,5.4,44.6,12.75
332,buchanan,40.0,LR,2018-11-05,100.0,5.88,-10.05,73.4,3.36
333,superior,1.0,US,2018-11-05,34.0,39.95,-105.17,35.6,3.09
334,mitsamiouli,40.0,KM,2018-11-05,70.0,-11.38,43.28,86.0,13.87
335,liling,0.0,CN,2018-11-05,29.0,27.65,113.49,60.8,4.47
336,vao,92.0,EE,2018-11-05,91.0,59.1,26.19,25.74,9.91
337,jishou,0.0,CN,2018-11-05,73.0,28.26,109.7,57.83,2.71
338,rumoi,75.0,JP,2018-11-05,92.0,43.93,141.67,33.8,2.24
339,valparaiso,1.0,US,2018-11-05,80.0,41.47,-87.06,35.06,5.82
340,mahebourg,40.0,MU,2018-11-05,55.0,-20.41,57.7,86.0,14.99
341,waipawa,0.0,NZ,2018-11-05,75.0,-39.94,176.59,65.21,1.97
342,singaraja,48.0,ID,2018-11-05,81.0,-8.11,115.08,79.92,2.26
343,forestville,90.0,CA,2018-11-05,86.0,48.74,-69.09,26.6,2.24
344,harper,1.0,US,2018-11-05,77.0,30.3,-99.24,44.06,4.7
345,stromness,90.0,CA,2018-11-05,100.0,42.87,-79.55,37.94,16.11
346,tinskoy,88.0,RU,2018-11-05,79.0,56.15,96.92,16.83,6.11
347,kathu,100.0,ZA,2018-11-05,17.0,-27.7,23.05,90.27,16.13
348,ambunti,32.0,PG,2018-11-05,74.0,-4.22,142.82,84.56,2.53
349,orcopampa,8.0,PE,2018-11-05,81.0,-15.27,-72.34,19.4,0.85
350,nova olimpia,0.0,BR,2018-11-05,94.0,-14.8,-57.29,71.73,3.83
351,port macquarie,40.0,AU,2018-11-05,73.0,-31.43,152.91,77.0,13.87
352,luderitz,92.0,NA,2018-11-05,98.0,-26.65,15.16,60.35,7.63
353,dajal,0.0,PK,2018-11-05,80.0,29.56,70.38,66.87,3.83
354,sambava,24.0,MG,2018-11-05,98.0,-14.27,50.17,82.53,16.28
355,manuk mangkaw,88.0,PH,2018-11-05,100.0,4.8,119.85,82.4,9.8
356,muros,75.0,ES,2018-11-05,93.0,42.77,-9.06,46.4,11.41
357,epe,75.0,DE,2018-11-05,93.0,52.18,7.04,35.6,5.82
358,methala,40.0,IN,2018-11-05,55.0,10.22,76.22,89.6,6.93
359,prabumulih,12.0,ID,2018-11-05,62.0,-3.5,104.19,89.06,3.04
360,port augusta,0.0,AU,2018-11-05,57.0,-32.49,137.76,77.0,20.8
361,la ronge,40.0,CA,2018-11-05,77.0,55.1,-105.3,1.4,4.7
362,grindavik,75.0,IS,2018-11-05,93.0,63.84,-22.43,41.0,20.8
363,talnakh,80.0,RU,2018-11-05,73.0,69.49,88.39,-3.2,9.42
364,makakilo city,1.0,US,2018-11-05,70.0,21.35,-158.09,75.02,4.7
365,dutlwe,0.0,BW,2018-11-05,26.0,-23.98,23.93,92.25,16.58
366,plettenberg bay,32.0,ZA,2018-11-05,90.0,-34.05,23.37,68.04,4.88
367,murgab,0.0,TM,2018-11-05,66.0,37.5,61.97,48.2,4.7
368,chipinge,0.0,ZW,2018-11-05,56.0,-20.19,32.62,86.22,4.88
369,chaykovskiy,88.0,RU,2018-11-05,90.0,56.77,54.11,22.91,4.05
370,puerto del rosario,20.0,ES,2018-11-05,88.0,28.5,-13.86,62.6,5.82
371,aripuana,24.0,BR,2018-11-05,98.0,-9.17,-60.63,72.9,2.04
372,mahanoro,44.0,MG,2018-11-05,90.0,-19.9,48.8,77.85,2.86
373,ucluelet,92.0,CA,2018-11-05,100.0,48.94,-125.55,42.03,3.49
374,feicheng,0.0,CN,2018-11-05,50.0,36.18,116.77,39.24,3.76
375,zhigansk,48.0,RU,2018-11-05,26.0,66.77,123.37,-18.36,6.55
376,sorland,75.0,NO,2018-11-05,64.0,67.67,12.69,37.4,9.17
377,cap malheureux,40.0,MU,2018-11-05,55.0,-19.98,57.61,86.0,14.99
378,bilibino,64.0,RU,2018-11-05,40.0,68.06,166.44,-27.36,2.37
379,nelson bay,90.0,AU,2018-11-05,61.0,-32.72,152.14,82.4,10.29
380,lavrentiya,12.0,RU,2018-11-05,100.0,65.58,-170.99,3.11,21.39
381,frontera,92.0,MX,2018-11-05,75.0,18.53,-92.64,72.54,5.61
382,tara,75.0,JP,2018-11-05,57.0,33.0,130.15,51.8,16.11
383,apastovo,90.0,RU,2018-11-05,92.0,55.2,48.51,23.0,4.47
384,khandyga,56.0,RU,2018-11-05,83.0,62.65,135.58,-19.62,2.71
385,baruun-urt,0.0,MN,2018-11-05,65.0,46.68,113.28,8.28,10.02
386,fortuna,0.0,ES,2018-11-05,75.0,38.18,-1.13,53.6,4.7
387,lata,44.0,IN,2018-11-05,51.0,30.78,78.62,49.86,1.97
388,ojinaga,40.0,US,2018-11-05,64.0,29.56,-104.41,45.5,5.82
389,bryan,1.0,US,2018-11-05,77.0,30.67,-96.37,50.36,2.98
390,kadayanallur,48.0,IN,2018-11-05,68.0,9.08,77.35,85.32,3.49
391,cidreira,8.0,BR,2018-11-05,92.0,-30.17,-50.22,73.08,5.99
392,hit,92.0,IQ,2018-11-05,100.0,33.64,42.83,52.47,7.9
393,capaci,40.0,IT,2018-11-05,82.0,38.17,13.24,60.8,19.46
394,kieta,20.0,PG,2018-11-05,99.0,-6.22,155.63,81.27,1.7
395,kawalu,88.0,ID,2018-11-05,75.0,-7.38,108.21,76.55,2.86
396,mhango,88.0,TZ,2018-11-05,100.0,-2.75,33.92,70.43,2.37
397,champerico,20.0,MX,2018-11-05,82.0,16.38,-93.6,56.75,4.61
398,aksarka,20.0,RU,2018-11-05,82.0,66.56,67.8,23.85,17.29
399,culebra,1.0,US,2018-11-05,74.0,34.68,-105.77,24.8,2.98
400,santa maria,0.0,BR,2018-11-05,79.0,-29.69,-53.81,76.32,10.25
401,nome,1.0,US,2018-11-05,92.0,30.04,-94.42,50.54,4.09
402,ios,40.0,GR,2018-11-05,71.0,36.73,25.28,59.0,9.17
403,siverskiy,0.0,RU,2018-11-05,78.0,59.35,30.08,14.0,8.95
404,nalut,0.0,LY,2018-11-05,49.0,31.86,10.98,54.27,10.02
405,fonte boa,64.0,BR,2018-11-05,92.0,-2.51,-66.09,76.1,1.03
406,vestmanna,12.0,FO,2018-11-05,87.0,62.16,-7.17,44.6,13.87
407,howard springs,40.0,AU,2018-11-05,66.0,-12.5,131.05,89.6,17.22
408,nyurba,48.0,RU,2018-11-05,52.0,63.29,118.35,-10.4,3.49
409,de land,1.0,US,2018-11-05,89.0,40.12,-88.65,35.42,4.7
410,redmond,75.0,US,2018-11-05,76.0,47.67,-122.12,50.0,8.05
411,vytegra,8.0,RU,2018-11-05,83.0,61.01,36.45,8.19,11.03
412,fengzhen,0.0,CN,2018-11-05,37.0,40.43,113.15,29.16,11.32
413,jalu,0.0,LY,2018-11-05,61.0,29.03,21.55,63.68,8.12
414,beringovskiy,24.0,RU,2018-11-05,100.0,63.05,179.32,-16.7,5.1
415,gondanglegi,12.0,ID,2018-11-05,52.0,-7.75,112.01,84.83,11.88
416,mandalgovi,0.0,MN,2018-11-05,60.0,45.76,106.27,18.41,12.37
417,cedar falls,1.0,US,2018-11-05,78.0,42.53,-92.45,30.02,5.82
418,oussouye,0.0,SN,2018-11-05,77.0,12.49,-16.54,66.2,4.7
419,vila velha,40.0,BR,2018-11-05,83.0,-3.71,-38.6,80.6,11.41
420,sayyan,0.0,YE,2018-11-05,38.0,15.17,44.32,63.9,3.6
421,karasjok,0.0,NO,2018-11-05,66.0,69.47,25.52,14.0,12.75
422,nezhinka,90.0,RU,2018-11-05,85.0,51.77,55.37,14.0,6.71
423,ushtobe,88.0,KZ,2018-11-05,95.0,45.25,77.98,31.1,4.61
424,eirunepe,76.0,BR,2018-11-05,97.0,-6.66,-69.87,73.44,2.19
425,belousovka,90.0,KZ,2018-11-05,100.0,50.13,82.52,23.0,6.71
426,taoudenni,20.0,ML,2018-11-05,37.0,22.68,-3.98,56.43,11.36
427,hikari,75.0,JP,2018-11-05,45.0,33.97,131.95,51.08,8.05
428,henties bay,20.0,NA,2018-11-05,87.0,-22.12,14.28,66.33,9.35
429,hwange,8.0,ZW,2018-11-05,47.0,-18.35,26.5,86.58,11.25
430,goderich,48.0,CA,2018-11-05,89.0,43.74,-81.71,35.82,16.06
431,long xuyen,75.0,VN,2018-11-05,83.0,10.39,105.43,82.4,4.7
432,bella union,8.0,CO,2018-11-05,84.0,8.5,-73.35,63.23,2.04
433,nanortalik,80.0,GL,2018-11-05,93.0,60.14,-45.24,30.2,4.72
434,camenca,88.0,MD,2018-11-05,91.0,47.82,27.37,26.1,10.09
435,rovaniemi,75.0,FI,2018-11-05,92.0,66.5,25.72,15.8,4.7
436,barcelos,0.0,PT,2018-11-05,87.0,41.53,-8.62,48.2,9.17
437,polis,75.0,CY,2018-11-05,72.0,35.04,32.42,62.6,9.17
438,mamallapuram,40.0,IN,2018-11-05,48.0,12.63,80.17,87.8,8.05
439,impfondo,92.0,CD,2018-11-05,91.0,1.62,18.06,77.18,3.2
440,piran,92.0,IR,2018-11-05,100.0,34.5,45.94,40.91,2.59
441,khash,0.0,IR,2018-11-05,19.0,28.22,61.21,64.89,4.09
442,nagato,75.0,JP,2018-11-05,61.0,34.35,131.14,51.8,9.17
443,saint-louis,90.0,CH,2018-11-05,100.0,47.59,7.56,35.6,5.82
444,akdepe,75.0,TM,2018-11-05,88.0,42.05,59.39,32.0,16.11
445,wuzhou,0.0,CN,2018-11-05,59.0,23.48,111.3,62.64,4.88
446,lagoa,0.0,PT,2018-11-05,87.0,37.14,-8.45,50.0,6.93
447,vagur,80.0,FO,2018-11-05,94.0,61.47,-6.81,47.79,16.69
448,tabou,76.0,CI,2018-11-05,100.0,4.42,-7.36,82.62,4.21
449,marawi,76.0,PH,2018-11-05,98.0,8.0,124.29,72.36,2.26
450,kanniyakumari,8.0,IN,2018-11-05,100.0,8.08,77.57,83.16,12.15
451,aleksandrov gay,76.0,RU,2018-11-05,95.0,50.14,48.57,19.8,9.01
452,camocim,64.0,BR,2018-11-05,94.0,-2.9,-40.84,75.83,7.4
453,marquette,90.0,US,2018-11-05,65.0,46.54,-87.4,32.0,24.16
454,ko samui,20.0,TH,2018-11-05,83.0,9.54,99.94,84.2,8.05
455,salalah,20.0,OM,2018-11-05,30.0,17.01,54.1,82.4,24.16
456,arbagar,0.0,RU,2018-11-05,58.0,51.94,116.28,-7.74,5.55
457,the pas,75.0,CA,2018-11-05,84.0,53.82,-101.24,-2.21,3.36
458,yumen,0.0,CN,2018-11-05,64.0,40.29,97.04,28.58,13.38
459,bilma,0.0,NE,2018-11-05,47.0,18.69,12.92,61.47,9.35
460,kargil,0.0,PK,2018-11-05,63.0,34.56,76.13,-13.14,1.25
461,liverpool,0.0,GB,2018-11-05,86.0,53.41,-2.98,42.8,3.36
462,solothurn,90.0,CH,2018-11-05,100.0,47.21,7.54,35.6,3.83
463,zhenhai,0.0,CN,2018-11-05,35.0,29.95,121.71,57.2,4.47
464,naze,40.0,NG,2018-11-05,94.0,5.43,7.07,78.8,4.61
465,santa rosa,0.0,AR,2018-11-05,46.0,-36.62,-64.29,65.07,21.05
466,roald,75.0,NO,2018-11-05,64.0,62.58,6.12,37.4,3.36
467,maceio,40.0,BR,2018-11-05,88.0,-9.67,-35.74,75.2,3.36
468,almaznyy,90.0,RU,2018-11-05,79.0,48.03,40.04,28.4,24.61
469,luganville,100.0,VU,2018-11-05,100.0,-15.51,167.18,81.18,10.87
470,bukachacha,0.0,RU,2018-11-05,70.0,52.99,116.91,-11.88,3.6
471,hegang,12.0,CN,2018-11-05,64.0,47.34,130.28,13.05,5.88
472,cajnice,0.0,BA,2018-11-05,85.0,43.56,19.07,23.0,1.12
473,torbay,90.0,CA,2018-11-05,73.0,47.66,-52.73,26.6,4.7
474,mombetsu,75.0,JP,2018-11-05,74.0,44.35,143.35,35.6,5.82
475,libertador general san martin,100.0,AR,2018-11-05,96.0,-23.81,-64.79,70.29,2.53
476,limon,1.0,US,2018-11-05,87.0,39.26,-103.69,12.92,3.36
477,marsa matruh,20.0,EG,2018-11-05,67.0,31.35,27.25,60.8,16.11
478,minab,0.0,IR,2018-11-05,18.0,27.15,57.07,84.2,2.24
479,sulangan,80.0,PH,2018-11-05,100.0,11.14,123.72,79.38,12.59
480,semey,75.0,KZ,2018-11-05,85.0,50.41,80.25,23.0,8.95
481,ornskoldsvik,90.0,SE,2018-11-05,100.0,63.29,18.72,26.6,4.7
482,sindor,64.0,RU,2018-11-05,79.0,62.87,51.9,14.49,7.52
483,klaksvik,0.0,FO,2018-11-05,87.0,62.23,-6.59,44.6,13.87
484,brumunddal,88.0,NO,2018-11-05,93.0,60.89,10.94,17.82,1.52
485,shimoda,20.0,JP,2018-11-05,62.0,34.7,138.93,59.0,21.92
486,puerto narino,75.0,CO,2018-11-05,31.0,-3.77,-70.38,113.0,3.36
487,avola,0.0,IT,2018-11-05,72.0,36.91,15.13,60.8,10.29
488,nara,75.0,JP,2018-11-05,57.0,34.68,135.8,51.8,9.17
489,policka,90.0,CZ,2018-11-05,92.0,49.71,16.27,32.0,3.2
490,aberdare,80.0,GB,2018-11-05,87.0,51.71,-3.45,46.4,10.29
491,tromso,0.0,NO,2018-11-05,79.0,69.65,18.96,24.8,12.75
492,kango,88.0,GA,2018-11-05,90.0,0.19,10.1,80.19,3.27
493,severo-kurilsk,88.0,RU,2018-11-05,100.0,50.68,156.12,33.48,16.69
494,batagay,48.0,RU,2018-11-05,0.0,67.65,134.64,-33.12,2.98
495,kaohsiung,40.0,TW,2018-11-05,44.0,22.62,120.31,77.0,8.05
496,lebu,0.0,ET,2018-11-05,35.0,8.96,38.73,70.83,5.5
497,savinskiy,76.0,RU,2018-11-05,86.0,62.93,40.14,17.01,6.62
498,margate,75.0,AU,2018-11-05,72.0,-43.03,147.26,62.6,13.87
499,grand-santi,0.0,GF,2018-11-05,98.0,4.27,-54.38,71.01,2.26
500,sapernyy,0.0,RU,2018-11-05,78.0,59.78,30.69,14.0,8.95
501,ayan,92.0,TR,2018-11-05,100.0,40.67,33.6,38.61,2.3
502,linxia,0.0,CN,2018-11-05,8.0,35.6,103.21,42.26,4.72
503,manavgat,75.0,TR,2018-11-05,82.0,36.79,31.44,55.4,8.05
504,ahuimanu,20.0,US,2018-11-05,59.0,21.44,-157.84,75.02,5.82
505,borgarnes,75.0,IS,2018-11-05,80.0,64.54,-21.92,39.2,12.75
506,tricase,40.0,IT,2018-11-05,81.0,39.93,18.36,51.8,10.29
507,namwala,20.0,ZM,2018-11-05,93.0,-15.75,26.45,78.03,4.61
508,sontra,90.0,DE,2018-11-05,100.0,51.07,9.94,33.8,3.36
509,galle,1.0,US,2018-11-05,82.0,29.74,-97.91,50.36,2.86
510,atambua,64.0,ID,2018-11-05,99.0,-9.11,124.89,82.13,10.92
511,aklavik,90.0,CA,2018-11-05,76.0,68.22,-135.01,-7.61,8.05
512,sept-iles,90.0,CA,2018-11-05,92.0,50.2,-66.38,24.8,8.05
513,san jeronimo,88.0,PE,2018-11-05,99.0,-13.65,-73.37,42.57,1.7
514,ulaangom,36.0,MN,2018-11-05,89.0,49.98,92.07,9.54,0.96
515,walvis bay,90.0,NA,2018-11-05,72.0,-22.95,14.51,66.2,13.87
516,palmer,40.0,AU,2018-11-05,53.0,-34.85,139.16,75.2,13.87
517,ixtapa,75.0,MX,2018-11-05,100.0,20.71,-105.21,64.4,3.36
518,sinnamary,92.0,GF,2018-11-05,100.0,5.38,-52.96,74.21,12.15
519,omboue,92.0,GA,2018-11-05,100.0,-1.57,9.26,80.46,2.3
520,tocopilla,44.0,CL,2018-11-05,100.0,-22.09,-70.2,57.38,1.36
521,cairns,0.0,AU,2018-11-05,79.0,-16.92,145.77,84.2,4.7
522,angoche,8.0,MZ,2018-11-05,100.0,-16.23,39.91,84.15,3.98
523,kiunga,68.0,PG,2018-11-05,79.0,-6.12,141.3,81.18,3.6
524,ilebo,92.0,CD,2018-11-05,95.0,-4.33,20.59,73.89,3.04
525,amapa,75.0,HN,2018-11-05,82.0,15.09,-87.97,68.0,5.82
526,tuy hoa,100.0,VN,2018-11-05,97.0,13.08,109.3,75.83,20.31
527,kyren,24.0,RU,2018-11-05,59.0,51.68,102.13,13.1,3.38
528,maningrida,48.0,AU,2018-11-05,70.0,-12.05,134.23,89.51,9.75
529,porto novo,0.0,BR,2018-11-05,94.0,-23.68,-45.44,69.8,2.71
530,hoquiam,90.0,US,2018-11-05,89.0,46.98,-123.89,51.08,12.75
531,malibu,75.0,US,2018-11-05,82.0,33.61,-84.48,48.02,10.29
532,mago,76.0,RU,2018-11-05,76.0,53.27,140.15,-3.69,2.59
533,ostrovnoy,0.0,RU,2018-11-05,85.0,68.05,39.51,14.04,19.93
534,maloy,68.0,ID,2018-11-05,88.0,1.0,118.1,79.25,1.59
535,baryatino,36.0,RU,2018-11-05,78.0,54.31,34.52,11.07,5.88
536,mahajanga,40.0,MG,2018-11-05,41.0,-15.72,46.32,91.4,9.17
537,otradnoye,0.0,RU,2018-11-05,78.0,59.77,30.8,14.0,8.95
538,oktyabrskiy,48.0,RU,2018-11-05,84.0,55.61,37.97,10.4,4.83
539,harnosand,75.0,SE,2018-11-05,100.0,62.63,17.94,26.6,6.93
540,riachao das neves,24.0,BR,2018-11-05,88.0,-11.75,-44.91,65.03,2.75
541,teguldet,56.0,RU,2018-11-05,75.0,57.31,88.17,11.93,5.28
542,isla mujeres,40.0,MX,2018-11-05,88.0,21.23,-86.73,64.4,4.7
543,trinidad,92.0,UY,2018-11-05,98.0,-33.52,-56.9,69.12,7.07
544,aguimes,0.0,ES,2018-11-05,72.0,27.91,-15.45,62.6,5.82
545,port-gentil,75.0,GA,2018-11-05,94.0,-0.72,8.78,80.6,2.24
546,asuncion,0.0,PY,2018-11-05,88.0,-25.3,-57.63,77.0,5.82
547,quatre cocos,40.0,MU,2018-11-05,55.0,-20.21,57.76,86.0,14.99
548,filingue,0.0,NE,2018-11-05,30.0,14.35,3.32,74.03,16.35
549,college,40.0,US,2018-11-05,78.0,64.86,-147.8,-9.58,2.98
550,lively,1.0,US,2018-11-05,73.0,33.6,-99.18,39.02,3.36
551,taonan,8.0,CN,2018-11-05,37.0,45.34,122.78,21.51,8.3
552,kloulklubed,75.0,PW,2018-11-05,79.0,7.04,134.26,84.2,8.05
553,san jose,0.0,PH,2018-11-05,67.0,15.79,120.99,79.61,2.53
554,kudahuvadhoo,100.0,MV,2018-11-05,100.0,2.67,72.89,82.17,10.8
555,vanimo,0.0,PG,2018-11-05,96.0,-2.67,141.3,86.0,17.63
556,sawakin,0.0,SD,2018-11-05,67.0,19.1,37.33,83.93,6.85
557,angoram,56.0,PG,2018-11-05,86.0,-4.06,144.07,82.76,3.09
558,sharjah,0.0,AE,2018-11-05,34.0,25.36,55.39,80.6,9.17
559,ayolas,12.0,PY,2018-11-05,80.0,-27.39,-56.84,78.08,10.76
560,ketchikan,90.0,US,2018-11-05,85.0,55.34,-131.65,44.96,19.46
561,rurrenabaque,92.0,BO,2018-11-05,100.0,-14.44,-67.53,68.81,1.3
562,kota tinggi,75.0,MY,2018-11-05,79.0,1.73,103.9,87.8,6.93
563,loukhi,0.0,RU,2018-11-05,71.0,66.08,33.04,9.36,6.55
